Filename	Title	Version	Type	Description	Platform	Author	Publisher	Website	Category	Tags	Documentation
2005-03-30 ImageMagick Example.sit	ImageMagick Example	2005-03-30			Macintosh	MonkeyBread Software	MonkeyBread Software	https://www.monkeybreadsoftware.com/	Multimedia	ImageMagick;mbs	
2005-03-30 ImageMagick Example.zip	ImageMagick Example	2005-03-30			Windows	MonkeyBread Software	MonkeyBread Software	https://www.monkeybreadsoftware.com/	Multimedia	ImageMagick;mbs	
2005-03-30 ImageMagick Mac Library.sit	ImageMagick Macintosh Library	2005-03-30			Macintosh	MonkeyBread Software	MonkeyBread Software	https://www.monkeybreadsoftware.com/	Multimedia	ImageMagick;mbs	
2005-03-30 ImageMagick Pictures.zip	ImageMagick Example Image Files	2005-03-30			NA	MonkeyBread Software	MonkeyBread Software	https://www.monkeybreadsoftware.com/	Multimedia	ImageMagick;mbs	
2005-03-30 ImageMagick Win Library.zip	ImageMagick Windows Library	2005-03-30			Windows	MonkeyBread Software	MonkeyBread Software	https://www.monkeybreadsoftware.com/	Multimedia	ImageMagick;mbs	
2005-10-09 ImageMagick Example.sit	ImageMagick Example	2005-10-09			Macintosh	MonkeyBread Software	MonkeyBread Software	https://www.monkeybreadsoftware.com/	Multimedia	ImageMagick;mbs	
2005-10-09 ImageMagick Example.zip	ImageMagick Example	2005-10-10			Windows	MonkeyBread Software	MonkeyBread Software	https://www.monkeybreadsoftware.com/	Multimedia	ImageMagick;mbs	
actionsurface.sit.hqx	ActionSurface	1.0b5	Class	"ActionSurface allows you to easily create action games based on the spritesurface class. You define platforms, walls, enemies, the character, his gun, etc, and ActionSurface takes care of the rest."	Macintosh	Dan Vanderkam	Dan Vanderkam	https://web.archive.org/web/20121201120831id_/http://www.nd.edu/~jvanderk/rb/index.html	Multimedia	Games;Surface;Sprite	ActionSurface 1.0b5.html
AlternateHighlightColors.sit	 Alternate Highlight Colors		Class	Alternate Highlight Colors	Macintosh	Seth Willits	Freak Software	http://www.freaksw.com/			
altivec.sit.hqx	Altivec										
AppearanceLib.hqx	Appearancelib										
Array_ListBox_Sorting_RB2.sit	Array_Listbox_Sorting_Rb2		Class	A class that implements QuickSort and BubbleSort. It can sort any type of data: You need to subclass this class and then implement a Compare and a Swap function. The Sort class does the rest for you. It comes with lightly documented source and demonstration code.	Windows;Macintosh	Thomas Tempelmann		https://web.archive.org/web/20010125061400id_/http://www.tempel.org/rb/index.html			
askdialog.sit	Askdialog										
axis.sit.hqx	Micono RbImageAxisTrans	v1.1.1b1	Plugin	A plugin for REALbasic 2.1 which packages image axis transform such as flip horizontal	Macintosh	Michio Ono	Micono Utilities	http://www.threeweb.ad.jp/~micono	Multimedia	Image;Graphics	axis_e.htm
basichttp.sit	BasicHTTP	1.2	Class	"BasicHTTP is a REALbasic class implementing the HTTP protocol. HTTP is the protocol used on the web.

I've written this class because I feel the existing class, Dan Vanderkam's wonderful httpSocket, has become outdated."		Navdeep Bains	Bains Software	http://www.bainsware.com			
basicstrings.sit	Basic Strings.c			C Class for manipulating string		NoahFex		grammer@ca.freei.net 			
beepbox.sit	Beepbox										
bellenuitdraw.sit.hqx	Bellenuitdraw										
betahandler.sit	Betahandler										
bigscroller.sit	Bigscroller		Class	BigScroller.rb was adapted from Apple code of the same name. It works in a similar fashion except for the lineStep and pageStep values.				www.fracturedSoftware.com			
ButtonSpread.sit	ButtonSpread		Class	"The ButtonSpread class is used to present a matrix or ""spread"" of bevel buttons, checkboxes, or radio buttons. "		Seth Willits	Freak Software	http://www.freaksw.com/			
canvaspaint.sit.hqx	Canvaspaint	1.1	Class	This class allows you to add excellent painting abilities to your program with next to no effort.		Dan Vanderkam	Dan Vanderkam	https://web.archive.org/web/20121201120831id_/http://www.nd.edu/~jvanderk/rb/index.html			
cBevelGroupBox11.hqx	Cbevelgroupbox11										
cBevelPopupMenu.hqx	Cbevelpopupmenu										
CDirectEditing.sit.hqx	Cdirectediting										
chargen2-rb.sit	Character Generator 2										
cIconButtonsDemo.sit.hqx	Ciconbuttonsdemo										
cIconButtonsPro.sit.hqx	Ciconbuttonspro										
CountTimer.hqx	Counttimer	1.0	Class	This class is a subset of the timer class and can be used to make counters that count up or down for audio related projects		Benjamin J. Schneider		schneidb@ohio.edu	Utility	timer;	CountTimer ReadMe.pdf
crect.sit.hqx	Crect										
CResourceStream.sit.hqx	Cresourcestream										
Crypto_1.5.sit	Crypto	1.5	Class	RC4 and SHA1 Implementations		Matthijs van Duin					
CSFramework_03.20.2K.sea.hqx	Csframework_03										
CSMemoryPlug1.0.sit	CSMemoryPlug	1.0	Plugin	"Catalyst Software has created this REALbasic plugin to give RB programmers some needed functions.  These functions all relate to the Memory Manager from the Mac toolbox.  Some may be standard Memory Manager functions, while others are combinations of Memory Manager routines.  You are free to use this plugin in your applications and are not required to pay Catalyst Software.  It would be nice if you mentioned us or gave us a copy of your program, but it is not necessary.  If you would like to use the source to this plugin for your own projects, you may do so.  If you modify the source and plan to redistribute the source, please mention us in the code somewhere.  Thank you for supporting Catalyst Software."							
CursorPlug1.2.sit.hqx	Cursorplug1										
CustomGrid.hqx	Customgrid										
CustomGridDemo.hqx	Customgriddemo										
CustomGrid_plugin.hqx	Customgrid_Plugin										
CWndBorder.sit.hqx	Cwndborder										
DateControlDemo.hqx	Datecontroldemo										
dmGraphicUtilities.sit.bin	dmGraphicUtilities Plugin	0.12	Plugin	"Converts data strings to pictures, scrolling rect and Postscript functions."	Macintosh	Stephan		http://www.digitalmind.de/realbasic>			dmGraphicUtilities.html
DocDxMidi.sit	Docdxmidi										
Documentation42.pdf	Documentation42	4.2	Documentation		NA	MonkeyBread Software	MonkeyBread Software	https://www.monkeybreadsoftware.com/			
Documentation61.pdf.sit	Documentation61	6.1	Documentation		Macintosh	MonkeyBread Software	MonkeyBread Software	https://www.monkeybreadsoftware.com/			
Documentation61.pdf.zip	Documentation61	6.1	Documentation		Windows	MonkeyBread Software	MonkeyBread Software	https://www.monkeybreadsoftware.com/			
Documentation62.pdf.sit	Documentation62	6.2	Documentation		Macintosh	MonkeyBread Software	MonkeyBread Software	https://www.monkeybreadsoftware.com/			
Documentation62.pdf.zip	Documentation62	6.3	Documentation		Windows	MonkeyBread Software	MonkeyBread Software	https://www.monkeybreadsoftware.com/			
Documentation64.pdf.sit	Documentation64	6.4	Documentation		Macintosh	MonkeyBread Software	MonkeyBread Software	https://www.monkeybreadsoftware.com/			
Documentation65.pdf.sit	Documentation65	6.5	Documentation		Macintosh	MonkeyBread Software	MonkeyBread Software	https://www.monkeybreadsoftware.com/			
Documentation65.pdf.zip	Documentation65	6.5	Documentation		Windows	MonkeyBread Software	MonkeyBread Software	https://www.monkeybreadsoftware.com/			
DoubleClickListbox.sit	DoubleclickListbox		Class	This is a custom Listbox subclass that adds a CellDoubleClick event that is fired when a cell is double clicked.		Seth Willits	Freak Software	http://www.freaksw.com/			
DragLib.hqx	Draglib										
DragLibDemo.hqx	Draglibdemo										
DragLibWrapper.hqx	Draglibwrapper										
drawwidgetdemo.bin	Drawwidgetdemo										
DxMidiX_1_0.dmg	Dxmidix_1_0	1.0					Realvision Multimedia software	http://www.cabanis.com/realvision/			DxMidiManual.pdf
DxMidiX_1_1.dmg	Dxmidix_1_1	1.1					Realvision Multimedia software	http://www.cabanis.com/realvision/			DxMidiManual.pdf
DxMidiX_1_2.dmg	Dxmidix_1_2	1.2					Realvision Multimedia software	http://www.cabanis.com/realvision/			DxMidiManual.pdf
DynamicFormula.sit	" 
Dynamic Formula"			"An RbScript subclass which can be used to allow end users to enter in their own variables and values which you, the developer, can use as a dynamic formula which is embedded into your code. If that makes any sense...."							
easypalette.sit	easyPalette	"1.6, 2.0"	Plugin	"easyPalette is a set of REALbasic classes that make it fast and easy to add cross platform tearoff floating palettes to your REALbasic project. The palette windows can contain grid style selection palettes of the type commonly used to select colors, patterns, line widths, arrow styles, ""tools"" and objects. In fact almost any kind of data that needs to be displayed and selected in a grid can be used with easyPalette."	Macintosh	Peter Zegelin	fracturedSoftware	http://www.fracturedsoftware.com			
easypalette.zip	easyPalette	"1.6, 2.0"	Plugin	"easyPalette is a set of REALbasic classes that make it fast and easy to add cross platform tearoff floating palettes to your REALbasic project. The palette windows can contain grid style selection palettes of the type commonly used to select colors, patterns, line widths, arrow styles, ""tools"" and objects. In fact almost any kind of data that needs to be displayed and selected in a grid can be used with easyPalette."	Windows	Peter Zegelin	fracturedSoftware	http://www.fracturedsoftware.com			
easypop3.sit	EasyPOP3			EasyPOP3 is a POP3 socket. POP3 is the most common protocol used to access email.		Navdeep Bains		http://www.bainsware.com			EasyPOP3 ReadMe.html
EinhugurGraphicsLib.hqx	Einhugurgraphicslib										
EinhugurGraphicsLibDEMO.sit	Einhugurgraphicslibdemo										
EngineManager.hqx	Enginemanager										
EventLib.hqx	Eventlib										
FFT_Plugin.sit	FFT_Plugin	2.1.1	Plugin	"FFT_Plugin allow calculation of 8bit or 16 bits data_blocks from 8 to 16384
samples."	Windows;Macintosh	Didier Cugy 		http://www.septmr.com			FFT_Plugin.pdf
FileLib.hqx	Filelib										
fkey.sit.hqx	Fkey										
FlameLibrary.sit	Flame Library		Plugin	"This is a port of the ""Flame"" code written by Kyle Ellrott in July of '98. It works, but it isn't a complete port nor a direct one. It has been completely rewritten and has a smarter algorithm to speed it up. "		Seth Willits	Freak Software	http://www.freaksw.com/			
FSACSimple.sit	FSAutoComplete Simple	2.0	Class	An editfield class to allow autocompletion in single line editfields.		Seth Willits	Freak Software	http://www.freaksw.com/			
FSAddRemoveButtons.sit	DoubleclickListbox		Class	This is a custom control which appears and behaves like the +/- buttons found in certain places in Mac OS X such as the Accounts preference pane in System Preferences.		Seth Willits	Freak Software	http://www.freaksw.com/			
FSCursorModule.sit	Fscursormodule		Class	Module that auotmoatically balances showing and hiding of the cursor when using ShowCursor and HideCursor and also provides ObscureCursor as well as the new Carbon/OS X feature (I'm not sure which) ShieldCursor which blocks the cursor from being visible in the specified area.		Seth Willits	Freak Software	http://www.freaksw.com/			
FSDictionaryToDisk.sit	Fsdictionarytodisk		Class	An exemplified module which takes a dictionary and writes it to disk or loads a dictionary from disk.		Seth Willits	Freak Software	http://www.freaksw.com/			
FSDisclosureButton.sit	Fsdisclosurebutton	1.0	Plugin	Implements the new disclosure button control in OS X.		Seth Willits	Freak Software	http://www.freaksw.com/			
FSExtractMovieSound.sit	FSExtractMovieSound 1.0	1.0	Plugin	A plugin that will grab the sound from any quicktime compatable movie or sound file.		Seth Willits	Freak Software	http://www.freaksw.com/			
FSKiosk.sit	Fskiosk		Class	"FSKiosk is module that utilizes new functionality in Mac OS X 10.3 which enables developers to easily take some of the necessary steps to develop a kiosk application. Free, requires 10.3 since it doesn't do anything on 10.2 (but I believe it still runs)."		Seth Willits	Freak Software	http://www.freaksw.com/			
FSMetalButton.sit	Fsmetalbutton		Class	FSMetalButton is a custom canvas subclass which creates metal buttons which work wonderfully on metal windows in Mac OS X.		Seth Willits	Freak Software	http://www.freaksw.com/			
FSMovieExtension.sit	FSMovieExtension 1.0	1.0	Plugin	Adds methods to the movie class to determine length position whether it is playing or not etc…		Seth Willits	Freak Software	http://www.freaksw.com/			
FSNotification.sit	FSNotification 2.0	2.0	Plugin	"FSNotification is a plugin that interfaces with the Notification Manager. You can use FSN to get attention of users when they are in another application. You have the choice of Flashing your application's icon in the Application menu with or without sound and, an alert box with your text with or without sound."		Seth Willits	Freak Software	http://www.freaksw.com/			
FSPictureFonts.sit	Fspicturefonts		Class	"FSPictureFonts is a module which enables developers to draw a string using a ""picture font."" This is extremely useful for games."		Seth Willits	Freak Software	http://www.freaksw.com/			
FSPlayQTMovie.sit	Fsplayqtmovie	1.0	Plugin	Allows you to play movies without using a movie player. Mainly for playing MIDI files which will only open using a movie player.		Seth Willits	Freak Software	http://www.freaksw.com/			
FSRelevanceBar.sit	Fsrelevancebar	1.0	Plugin	Implements the new relevance bar control in OS X.		Seth Willits	Freak Software	http://www.freaksw.com/			
FSResizePic.sit	Fsresizepic		Class	A small module which resizes a picture.		Seth Willits	Freak Software	http://www.freaksw.com/			
FSScrollingCalendar.sit	Fsscrollingcalendar	1.0	Plugin	FSScrollingCalendar is the premiere solution for interactive calendars in REALbasic applications.		Seth Willits	Freak Software	http://www.freaksw.com/			
FSSound.sit	Fssound	1.0	Plugin	FSSound is a small plugin that allows you to record a sound to a file.		Seth Willits	Freak Software	http://www.freaksw.com/			
FSTBSheetWee.sit	FSToolboxSheetWee 1.0	1.0	Class	A plugin project combination which works around current icks in Carbon allowing you to drag objects from a sheet to the sheet's parent. Useful in customizeable toolbar type stuff.		Seth Willits	Freak Software	http://www.freaksw.com/			
FSThumbnailView.sit	FSThumbnailView v1.0	1.0	Class	"Originally part of a custom application I was developing for a client, FSThumbnailView is a canvas subclass that displays a collection of images in a thumbnail view similar to iPhoto but also can draw them in a thumbnail list view."		Seth Willits	Freak Software	http://www.freaksw.com/			
FSTilePic.sit	Fstilepic		Class	A small module which tiles a picture.		Seth Willits	Freak Software	http://www.freaksw.com/			
FSTruncate.sit	Fstruncate		Class	A module which will take a string and truncate it to a specific pixel or character width by either chopping off the end or squishing out the middle.		Seth Willits	Freak Software	http://www.freaksw.com/			
FSURLManager.sit	Fsurlmanager		Class	Contains useful methods (currently only 1) that offer URL manipulation and whatnot.		Seth Willits	Freak Software	http://www.freaksw.com/			
FSWindowState.sit	FSWindowState 1.0	1.0	Plugin	A small plugin which allows you to place the dimple in the close widget of a window under OS X and sets the state of the proxy icon under classic - these are used to show that the window has been modified since it was last saved.		Seth Willits	Freak Software	http://www.freaksw.com/			
FSZoomRects.sit	FSZoomRects		Class	A module which show zoom rects.		Seth Willits	Freak Software	http://www.freaksw.com/			
GammaLibDemo.hqx	Gammalibdemo										
Grid.hqx	Grid										
GridDEMO.hqx	Griddemo										
Grid_Control_plugin.hqx	Grid_Control_Plugin										
Grid_IO_Extension.sit.hqx	Grid_Io_Extension										
GroupBoxProPlugin1.0.sit	GroupBoxPro Plugin 1.0	1.0	Plugin	"GroupBoxPro Plugin is a plugin for REALbasic from (http://www.realsoftware.com) that adds a control to REALbasic that has two different GroupBox Interfaces, It also allows you to use icons and color text."		Shane Morton	Mad City Software	http://www.madcitysw.com			
HCButtons.sit	HyperCard Buttons 1.0	1.0	Class	HyperCard Buttons 1.0							
hfader.sit	Hfader										
hlsock.sit	HotlineSocketLite	r2	Class	Hotline Protocol for REALBasic		Jason Toffaletti	Suffusions				
hsh_HashTable.sea.hqx	Hsh_Hashtable	1.3		RB 2 & 3: HSH_HashTable is a package that implements a simple static hash table as a replacement for REALbasic's built-in collection class. Retrieving an object from a hsh_HashTable is about 40 times faster than from a collection.		Erich Rast		https://web.archive.org/web/20030404083408/http://home.snafu.de/erich/realbasic/rb.html			
HTMLrenderingDemo.sit.hqx	Htmlrenderingdemo										
HTMLrenderingPro.sit.hqx	Htmlrenderingpro										
httpSocket 2.0.sit	httpSocket 2.0	2.0	Class	"httpSocket provides a simple, effective, and easy way to use the http protocol through Realbasic."	All	Dan Vanderkam	Dan Vanderkam	https://web.archive.org/web/20121201120831id_/http://www.nd.edu/~jvanderk/rb/index.html			
httpsocket.sit.hqx	httpSocket 		Class		All	Dan Vanderkam	Dan Vanderkam	https://web.archive.org/web/20121201120831id_/http://www.nd.edu/~jvanderk/rb/index.html			
HTVCPSocket.sit	HTVCPSocket 2.1.2	2.1.2	Class	"This class lets you use HTVCP (HyperText Version Checking Protocol) easily, and with a minimum of hassle and fuss."		Toby W. Rush	Toby W. Rush	http://kevin.sb.org/TMBS/>			
icinfo10.hqx	Icinfo10										
IcnsReader.zip	IcnsReader Module v1.0	1.0	Class	This module contains cross-platform code to read a large 128x128 icon from an icns file. Please contribute if you'd like!		Seth Willits	Freak Software	http://www.freaksw.com/			
IconLib.hqx	Iconlib										
inputwidgetdemo.bin	Inputwidgetdemo										
InStrTest.rbp.sit.hqx	Instrtest										
InternetConfigObject.hqx	Internetconfigobject										
lingo2.sit	Lingo2	1.2		A complete and easily expandable scripting language for RB. This allows you to give users of your program much more power.		Dan Vanderkam	Dan Vanderkam	https://web.archive.org/web/20121201120831id_/http://www.nd.edu/~jvanderk/rb/index.html			LingoScript.html
lingo2s.sit	Lingo2 Source	1.2		A complete and easily expandable scripting language for RB. This allows you to give users of your program much more power.		Dan Vanderkam	Dan Vanderkam	https://web.archive.org/web/20121201120831id_/http://www.nd.edu/~jvanderk/rb/index.html			LingoScript.html
lingoscript.sit.hqx	Lingoscript	1.0b4		  LingoScript is a module that provides scripting capabilities to realbasic. This means that you can allow users of your program to write their own programs (scripts) from in your app. This allows you to give users of your program lots of power over it.		Dan Vanderkam	Dan Vanderkam	https://web.archive.org/web/20121201120831id_/http://www.nd.edu/~jvanderk/rb/index.html			LingoScript2.html
listboxtut.sit	Listboxtut										
LongBinaryStream.hqx	Longbinarystream										
LongBinaryStreamDemo.hqx	Longbinarystreamdemo										
MACAdrUtilsPPC_000301.hqx	Macadrutilsppc_000301										
madplug12.hqx	Madplug12			"MADPlug is a plugin for REALbasic which allows developers to play back SoundTracker format music files. It makes use of the PlayerPro MADLibrary, written by Antoine Rosset."		Essence Software	Essence Software	http://www.essencesw.com/			
madplug2.hqx	Madplug2	2.0		"MADPlug is a plugin for REALbasic which allows developers to play back SoundTracker format music files. It makes use of the PlayerPro MADLibrary, written by Antoine Rosset."		Essence Software	Essence Software	http://www.essencesw.com/			
map.sit	Map		Example	This is just a simple example of using the map location. You can get and set all three properties.							map.html
MBS-RB-Plugins-32.hqx	Mbs-Rb-Plugins-32	3.2	Plugin		Macintosh	MonkeyBread Software	MonkeyBread Software	https://www.monkeybreadsoftware.com/	Pack	mbs	
MBS-RB-Plugins-examples61.zip	Mbs-Rb-Plugins-Examples61	6.1	Example	MBS Examples for 6.1	Windows	MonkeyBread Software	MonkeyBread Software	https://www.monkeybreadsoftware.com/	Pack	mbs	
MBS-RB-Plugins-examples62.zip	Mbs-Rb-Plugins-Examples62	6.2	Example	MBS Examples for 6.2	Windows	MonkeyBread Software	MonkeyBread Software	https://www.monkeybreadsoftware.com/	Pack	mbs	
MBS-RB-Plugins-examples64.zip	Mbs-Rb-Plugins-Examples64	6.4	Example	MBS Examples for 6.4	Windows	MonkeyBread Software	MonkeyBread Software	https://www.monkeybreadsoftware.com/	Pack	mbs	
MBS-RB-Plugins-examples65.zip	Mbs-Rb-Plugins-Examples65	6.5	Example	MBS Examples for 6.5	Windows	MonkeyBread Software	MonkeyBread Software	https://www.monkeybreadsoftware.com/	Pack	mbs	
MBS-RB-Plugins-pdflib61Win.zip	Mbs-Rb-Plugins-Pdflib61Win	6.1	Library	PDFLib for MBS 6.1	Windows	MonkeyBread Software	MonkeyBread Software	https://www.monkeybreadsoftware.com/	Pack	mbs	
MBS-RB-Plugins-pdflib62Win.zip	Mbs-Rb-Plugins-Pdflib62Win	6.2	Library	PDFLib for MBS 6.2	Windows	MonkeyBread Software	MonkeyBread Software	https://www.monkeybreadsoftware.com/	Pack	mbs	
MBS-RB-Plugins-pdflib64Win.zip	Mbs-Rb-Plugins-Pdflib64Win	6.4	Library	PDFLib for MBS 6.4	Windows	MonkeyBread Software	MonkeyBread Software	https://www.monkeybreadsoftware.com/	Pack	mbs	
MBS-RB-Plugins-pdflib65Win.zip	Mbs-Rb-Plugins-Pdflib65Win	6.5	Library	PDFLib for MBS 6.5	Windows	MonkeyBread Software	MonkeyBread Software	https://www.monkeybreadsoftware.com/	Pack	mbs	
MBS-RB-Plugins-plugins62Mac.sit	Mbs-Rb-Plugins-Plugins62Mac	6.2	Plugin	"This plugin adds around 7000 functions, methods and classes to REALbasic."	Macintosh	MonkeyBread Software	MonkeyBread Software	https://www.monkeybreadsoftware.com/	Pack	mbs	MBS-RB-Plugins-docs62.sit
MBS-RB-Plugins-plugins62Win.zip	Mbs-Rb-Plugins-Plugins62Win		Plugin	"This plugin adds around 7000 functions, methods and classes to REALbasic."	Windows	MonkeyBread Software	MonkeyBread Software	https://www.monkeybreadsoftware.com/	Pack	mbs	MBS-RB-Plugins-docs62.zip
MBS-RB-Plugins-plugins64old.sit	Mbs-Rb-Plugins-Plugins64Old		Plugin	"This plugin adds around 7000 functions, methods and classes to REALbasic."	Macintosh	MonkeyBread Software	MonkeyBread Software	https://www.monkeybreadsoftware.com/	Pack	mbs	MBS-RB-Plugins-docs64.sit
MBS-RB-Plugins-plugins64rbx.zip	Mbs-Rb-Plugins-Plugins64Rbx		Plugin	"This plugin adds around 7000 functions, methods and classes to REALbasic."	Windows	MonkeyBread Software	MonkeyBread Software	https://www.monkeybreadsoftware.com/	Pack	mbs	MBS-RB-Plugins-docs64.zip
MBS-RB-Plugins-plugins65old.sit	Mbs-Rb-Plugins-Plugins65Old		Plugin	"This plugin adds around 7000 functions, methods and classes to REALbasic."	Macintosh	MonkeyBread Software	MonkeyBread Software	https://www.monkeybreadsoftware.com/	Pack	mbs	MBS-RB-Plugins-docs65.sit
MBS-RB-Plugins-plugins65rbx.zip	Mbs-Rb-Plugins-Plugins65Rbx		Plugin	"This plugin adds around 7000 functions, methods and classes to REALbasic."	Windows	MonkeyBread Software	MonkeyBread Software	https://www.monkeybreadsoftware.com/	Pack	mbs	MBS-RB-Plugins-docs65.zip
MBS-RB-Plugins-pluginsMac61.sit	Mbs-Rb-Plugins-Pluginsmac61	6.1	Plugin	"This plugin adds around 7000 functions, methods and classes to REALbasic."	Macintosh	MonkeyBread Software	MonkeyBread Software	https://www.monkeybreadsoftware.com/	Pack	mbs	MBS-RB-Plugins-docs61.sit
MBS-RB-Plugins-pluginsWin61.zip	Mbs-Rb-Plugins-Pluginswin61	6.1	Plugin	"This plugin adds around 7000 functions, methods and classes to REALbasic."	Windows	MonkeyBread Software	MonkeyBread Software	https://www.monkeybreadsoftware.com/	Pack	mbs	MBS-RB-Plugins-docs61.zip
MBS-RB-Plugins41Mac.sit	Mbs-Rb-Plugins41Mac	4.1	Plugin	"This plugin adds around 7000 functions, methods and classes to REALbasic."	Macintosh	MonkeyBread Software	MonkeyBread Software	https://www.monkeybreadsoftware.com/	Pack	mbs	Documentation42.pdf
MBS-RB-Plugins61Mac.sit	Mbs-Rb-Plugins61Mac	6.1	Plugin	"This plugin adds around 7000 functions, methods and classes to REALbasic."	Macintosh	MonkeyBread Software	MonkeyBread Software	https://www.monkeybreadsoftware.com/	Pack	mbs	MBS-RB-Plugins-docs61.sit
MBS-RB-Plugins61Win.zip	Mbs-Rb-Plugins61Win	6.1	Plugin	"This plugin adds around 7000 functions, methods and classes to REALbasic."	Windows	MonkeyBread Software	MonkeyBread Software	https://www.monkeybreadsoftware.com/	Pack	mbs	MBS-RB-Plugins-docs61.zip
MBS-RB-Plugins62Win.zip	Mbs-Rb-Plugins62Win	6.2	Plugin	"This plugin adds around 7000 functions, methods and classes to REALbasic."	Windows	MonkeyBread Software	MonkeyBread Software	https://www.monkeybreadsoftware.com/	Pack	mbs	MBS-RB-Plugins-docs62.zip
MBS-RB-Plugins63pr1.sit	Mbs-Rb-Plugins63Pr1	6.3pr1	Plugin	"This plugin adds around 7000 functions, methods and classes to REALbasic."	Macintosh	MonkeyBread Software	MonkeyBread Software	https://www.monkeybreadsoftware.com/	Pack	mbs	
MBS-RB-Plugins63pr1Win.zip	Mbs-Rb-Plugins63Pr1Win	6.3pr1	Plugin	"This plugin adds around 7000 functions, methods and classes to REALbasic."	Windows	MonkeyBread Software	MonkeyBread Software	https://www.monkeybreadsoftware.com/	Pack	mbs	
MBS-RB-Plugins63pr2.sit	Mbs-Rb-Plugins63Pr2	6.3pr2	Plugin	"This plugin adds around 7000 functions, methods and classes to REALbasic."	Macintosh	MonkeyBread Software	MonkeyBread Software	https://www.monkeybreadsoftware.com/	Pack	mbs	
MDMenuMethods.hqx	Mdmenumethods										
MediaBlendingDemo.sit.hqx	Mediablendingdemo										
MenuLib.hqx	Menulib						Einhugur Software				
MenuLibDemo.sit	Menulibdemo										
MongoToDCon.sit.hqx	Mongotodcon										
MoviePlayer_Plugin.sit	Movieplayer_Plugin	2.0	Plugin	"MoviePlayer Applies to RealBasic 2.1 or more recent running on Mac PPC, Mac OSX and Win platforms. MoviePlayer extend the Movie Player Control and now the Movie Class."	Windows;Macintosh	Didier Cugy		http://www.septmr.com			MoviePlayer_Plugin.pdf
MovieWiresDemo.sit.hqx	Moviewiresdemo										
MovieWiresPro.sit.hqx	Moviewirespro										
MPCP.sit.hqx	MPCP Networking for REALbasic			"MPCP Socket 1.0 classes are a bundle of classes and modules that allow you to easily transfer arbitrary binary data over sockets. MPCP is a highly extendable, flexible protocol and supports so-called threaded commands."		Erich Rast		https://web.archive.org/web/20030404083408/http://home.snafu.de/erich/realbasic/rb.html			mpcp.html
NavDialogDemo.sit.hqx	Navdialogdemo										
NavDialogPro.sit.hqx	Navdialogpro										
nlb.sit.hqx	Nlb	Class		Netscape-like button class		Michio Ono	Micono Utilities	http://www.threeweb.ad.jp/~micono			nlb.mhtml
noteplayerkit.sit.hqx	Noteplayerkit										
ntabby.sit	Ntabby										
ObjectSnitcher.sit	Objectsnitcher										
OSXAboutWindow.sit	Osxaboutwindow										
OTerror.sit.hqx	Oterror										
patchbtnclass.sit	Patchbtnclass										
pbplugdemo.hqx	Pbplugdemo										
PECD1.2.sit_.hqx	Pecd1										
PICTCanvas_1.0.sit.bin	PictCanvas 1.0	1.0	Class	PICTCanvas is an RB class that displays pictures or picture files dropped on it. It has some basic button functionality (sticky and normal) and can allow scrolling with the mouse if the picture is larger than the canvas itself.		Erich Rast		https://web.archive.org/web/20030404083408/http://home.snafu.de/erich/realbasic/rb.html			PICTCanvas_readme.txt
PictureStringExtensions.sit	Picturestringextensions	1.0	Class	The PictureStringExtensions module extends the Picture and String classes with methods to add converting a picture to or from a string.	Macintosh	Seth Willits	Freak Software	www.freaksw.com			
PlaceholderField.zip	PlaceholderField v1.0	1.0	Class	"A simple class which displays a placeholder string in gray text in the field when there's no text in the field. An example of this is ""Google"" in the search field of Safari."		Seth Willits	Freak Software	http://www.freaksw.com/			
plistfixer.rbv3.tgz	Plistfixer										
PluginAnalyser.sit.hqx	Pluginanalyser										
ppatcontrol.sit.hqx	Ppatcontrol										
PrintItem.sit.hqx	Printitem										
ProcessLib.hqx	Processlib										
ProjectCuisinartV1.3.0_68k.sit	Projectcuisinartv1										
ProjectCuisinartV1.4.2_ppc.sit	Projectcuisinartv1										
QTAudioPlayer.hqx	QTAudioPlayer	1.0	Class	This class is a subclass of the MoviePlayer class with enhanced audio functions. QTAudioPlayer supports Mac OS 8.5 through Mac OS X with QuckTime 4.0 or higher.	Macintosh	Benjamin J. Schneider					QTAudioPlayer ReadMe.pdf
QTFileTransferDemo.sit.hqx	Quicktime FileTransfer (Demo)		Macintosh	"QTFT or QuickTime FileTransfer allows the transfer of remote files to local files, including the transfer of files into REALbasic's virtual volumes and out. The crux of this plugin is to transfer the files asynchroneously and as quickly as possible. This plugin is a rewrite of our older QTFileTransfer plugin."			Van Hoek Software 				QTFT.rbx.mhtml
QTFileTransferPro.sit.hqx	Quicktime FileTransfer		Macintosh	"QTFT or QuickTime FileTransfer allows the transfer of remote files to local files, including the transfer of files into REALbasic's virtual volumes and out. The crux of this plugin is to transfer the files asynchroneously and as quickly as possible. This plugin is a rewrite of our older QTFileTransfer plugin."			Van Hoek Software 				QTFT.rbx.mhtml
QTFT.zip	Quicktime FileTransfer		Windows	"QTFT or QuickTime FileTransfer allows the transfer of remote files to local files, including the transfer of files into REALbasic's virtual volumes and out. The crux of this plugin is to transfer the files asynchroneously and as quickly as possible. This plugin is a rewrite of our older QTFileTransfer plugin."			Van Hoek Software 				QTFT.rbx.mhtml
QTFTDemo.zip	Quicktime FileTransfer (Demo)		Windows	"QTFT or QuickTime FileTransfer allows the transfer of remote files to local files, including the transfer of files into REALbasic's virtual volumes and out. The crux of this plugin is to transfer the files asynchroneously and as quickly as possible. This plugin is a rewrite of our older QTFileTransfer plugin."			Van Hoek Software 				QTFT.rbx.mhtml
QuickDrawLib.hqx	Quickdrawlib										
ramstream.sit.hqx	Ramstream										
rbapprnc.sit.hqx	Rbapprnc										
rbcustom.sit.hqx	Micono RbIconUtil	1.0.0b11	Plugin	32bit compatible icon utilities.	Macintosh	Michio Ono	Micono Utilities	http://www.threeweb.ad.jp/~micono			rbcustom_e.htm
rbfilter.sit.hqx	Micono RbImageFilterUtil	0.9.0b1		A package image processing methods.	Macintosh	Michio Ono	Micono Utilities	http://www.threeweb.ad.jp/~micono			rbfilter_e.htm
rbfontutil.sit.hqx	Micono RBfontUtil	1.0.0b2	Plugin	Utilities for FONT	Macintosh	Michio Ono	Micono Utilities	http://www.threeweb.ad.jp/~micono			rbfontutil_e.htm
rbgeticon.sit.hqx	Micono GetFinderIconx	1.0.0b9	Plugin	Can obtain icon image from FolderItem.	Macintosh	Michio Ono	Micono Utilities	http://www.threeweb.ad.jp/~micono			rbgeticon_e.htm
rbgraphicutil.sit.hqx	Micono RBgraphicsUtil	0.9.3b2	Plugin	Draw with 'PAT#'	Macintosh	Michio Ono	Micono Utilities	http://www.threeweb.ad.jp/~micono			rbgraphicutil_e.htm
rbhelper.sit	RB Helper	1.4	Class	"RB Helper, is an Open Source project that has many features that are useful to almost any RB programmer. If you have a good idea for improving RB Helper, you can add it yourself and submit the improvement to me"		Theodore H.Smith		https://web.archive.org/web/20001102115520id_/http:/www.thsmith.dircon.co.uk/index.html			
rbhelpwriter.sit	Rbhelpwriter										
rbiconloc.sit.hqx	Micono IconLocation	1.0.0b1	Plugin	Get and Set an icon location.	Macintosh	Michio Ono	Micono Utilities	http://www.threeweb.ad.jp/~micono			rbiconloc_e.htm
rbinstr.sit.hqx	Micono InStr v0.7.0b1	0.7.0b1	Plugin	Same as InStr/InStrB functions of REALbasic.	Windows;Macintosh	Michio Ono	Micono Utilities	http://www.threeweb.ad.jp/~micono			rbinstr_e.htm
rbline.sit.hqx	Micono LineMatch v1.0.0b2	1.0.0b2	Plugin	Get line number to match a string	Macintosh;Windows	Michio Ono	Micono Utilities	http://www.threeweb.ad.jp/~micono			rbline_e.htm
rbmid.sit.hqx	Micono Mid v0.5.0b1	0.5.0b1	Plugin	Same as Mid/MidB functions of REALbasic.	Windows;Macintosh	Michio Ono	Micono Utilities	http://www.threeweb.ad.jp/~micono			rbmid_e.htm
rbmovutil.sit.hqx	Micono RBmovieUtil v1.2.1 b1	1.2.1 b1	Plugin	Rb plugin for working with QuickTime Movie.	Macintosh	Michio Ono	Micono Utilities	http://www.threeweb.ad.jp/~micono			rbmovieutil_e.htm
rbnav.sit.hqx	Micono NavigationServices	0.4.1b1	Plugin	You can make customDialog of NS and SFP	Macintosh	Michio Ono	Micono Utilities	http://www.threeweb.ad.jp/~micono			rbnav_e.htm
rbnewpic.sit.hqx	Micono NewPicture v1.2.0b1	1.2.0b1	Plugin	"Make a ""Picture"" in temporary memory."	Macintosh	Michio Ono	Micono Utilities	http://www.threeweb.ad.jp/~micono			rbnewpic_e.mhtml
rbpicutil.sit.hqx	Micono RbPictureUtil v1.3.0b3	v1.3.0b3	Plugin	Rb plugin for opening and saveing images.	Macintosh	Michio Ono	Micono Utilities	http://www.threeweb.ad.jp/~micono			
RBpluginPlunger.sit.bin	Rbpluginplunger	1.2	Utility	"Open any PPC-enabled RB Plugin with this tool to see what Controls, Classes and Methods it provides."	Macintosh	Thomas Tempelmann		https://web.archive.org/web/20010125061400id_/http://www.tempel.org/rb/index.html			
rbscriptconsoleapp.sit.hqx	Rbscriptconsoleapp										
rbscriptconsoleproject.sit.hqx	Rbscriptconsoleproject										
rbsrcc.sit.hqx	Micono ScreenCapature v1.1.0b1	1.1.0b1	Plugin	Rb plugin for screen capture.	Windows;Macintosh	Michio Ono	Micono Utilities	http://www.threeweb.ad.jp/~micono			rbsrcc_e.htm
rbstrutil.sit.hqx	RbStringUtil	1.0	Plugin	String utiltiies	Windows;Macintosh	Michio Ono	Micono Utilities	http://www.threeweb.ad.jp/~micono			rbstrutil_e.htm
RB_FTP2.hqx	FTP Socket Subclass	2.0	Class	Contains modules/classes for accessing and tranferring files through FTP.	Windows;Macintosh	Brian F. Jones					
REALentry_API.sit.hqx	Realentry_Api										
regex.sit.bin	Regex										
RegistratorPPC.sit.hqx	Registratorppc										
Registrator_68k.sit.hqx	Registrator_68K										
Registrator_PPC.sit.hqx	Registrator_Ppc										
ResourceEditDemo.sit.hqx	Resourceeditdemo										
ResourceEditPro.sit.hqx	Resourceeditpro										
ResourceLibDemo.hqx	Resourcelibdemo										
rl.sit.hqx	Rl										
RoundedEditfield.sit	Rounded Editfield 1.0	1.0	Class	A canvas subclass which can be used to make rounded editfields in REALbasic applications.							
rs.sit.hqx	Rs										
rtfexporter.hqx	Rtfexporter										
rtfparser.sit.hqx	Rtfparser										
sclipwin.sit.hqx	Sclipwin										
SCMD_Socket.sea.hqx	SimpleCMD_Socket	0.5	Class	"SimpleCMD_Socket 0.5 is a socket class you can use to send & receive arbitrary commands with as many arguments of arbitrary length you want. You just create a new instance of an accompanied class called Socket_Command, append your arguments as strings and send it. The other host will receive a copy of your command--- that's all."		Erich Rast		https://web.archive.org/web/20030404083408/http://home.snafu.de/erich/realbasic/rb.html			SCMDSocket_info.txt
SearchFieldPlugin.sit	" 
SearchField Plugin 1.0b3"	1.0b3	Plugin	This plugin implements the rounded search field commonly found in applications on Mac OS X. It requires Mac OS X 10.3 both when developing an application and when the final application is run. The control also only works in Mach-O built applications which in turn requires REALbasic.							
SearchFieldPluginSource.sit	" 
SearchField Plugin 1.0b3 Source"	1.0b3	Plugin	This plugin implements the rounded search field commonly found in applications on Mac OS X. It requires Mac OS X 10.3 both when developing an application and when the final application is run. The control also only works in Mach-O built applications which in turn requires REALbasic.							
selectIt.sit	Selectit	1.0	Class	"If you have struggled with the seemingly simple task of making a selection rectangle you will love selectIt!
selectIt uses standard XOR mode drawing to create clean, fast selection rectangles for your graphics type REALbasic applications. The example projects shows just how easy selectIt is to use, with just four methods. selectIt can also be used to create horizontal and vertical splitters and crosshairs. Best of all selectIt is cross platform
"	Windows;Macintosh	Peter Zegelin 	fracturedsoftware	www.fracturedsoftware.com			
SethsCSVParser.zip	Seth's CSV Parser	1.2.1	Class	"This pair of classes is designed to be very much like the standard database classes so they should be immediately familiar to you. As far as I've been able to tell from my own testing and feedback from others, this parser works correctly for all correctly formatted CSV files.
"		Seth Willits	Freak Software	www.freaksw.com			
SimpleProgress_1.0.sit.bin	SimpleProgressCanvas	1.0	Class	"SimpleProgressCanvas 1.0 is a simple replacement for the standard Toolbox progressbar. It doesn't look that fancy and cannot display the ""barber pole"" but allows to draw text above the bar (like the Netscape progress bar)"		Erich Rast		https://web.archive.org/web/20030404083408/http://home.snafu.de/erich/realbasic/rb.html			SimpleProgress_readme.txt
SingleCellLB.sit	Single Cell Selection Listbox		Class	It's a listbox that can have a single cell selected instead of an entire row.		Seth Willits	Freak Software	http://www.freaksw.com/			
slidingruler.sit	Slidingruler										
SortInterface(RB1).sit	Sortinterface(Rb1)	1.0	Class	A class that implements QuickSort and BubbleSort. It can sort any type of data: You need to subclass this class and then implement a Compare and a Swap function. The Sort class does the rest for you. It comes with lightly documented source and demonstration code.	Windows;Macintosh	Thomas Tempelmann		https://web.archive.org/web/20010125061400id_/http://www.tempel.org/rb/index.html			
SortObject.sit.hqx	Sortobject										
soundlib.sit.hqx	Soundlib										
soundlib2.hqx	Soundlib2										
SPBAudioLib.hqx	Spbaudiolib	1.b1r4	Module	This module allows RB developers to make toolbox calls to the SoundInputManager	Macintosh	Benjamin J. Schneider			Multimedia	audio;recording;toolbox	SPBAudioLib ReadMe.pdf
spinivector.sit	Spinivector	1.1	Program	"A vector image editing program that does just about everything you could want, including copying, pasting, polygons, béziers etc."		Dan Vanderkam	Dan Vanderkam	http://www.nd.edu/~jvanderk/rb/index.html			SpiniVector 1.0.html
Splitview.zip	Splitview	1.0	Class	A REALbasic take on the Cocoa NSSplitView class making it ridiculously easy to use and customizable.		Seth Willits	Freak Software	http://www.freaksw.com/			
SSLSocket10.sit.bin	Sslsocket10	1.0	Plugin	"Add Secure Socket Layer communication to your REALbasic applications, allowing them to connect to and download data from any secure server on the web. Meant to mimic REALbasic's own Socket control, SSLSocket seamlessly integrates secure sockets for an easy and transparent implementation."	Macintosh	Tristan Perich	"Essentrix, Inc."	http://www.essentrix.com/	Networking	ssl;socket;secure	sslsocket.mhtml
Storable.sea.hqx	Storable Objects	1.0 beta 4		"Storable Objects is a package to make storing and retrieving the state of RB classes easy. It consists of a Storable interface class, a StorableStream class, a StorableConstants module and a bunch of storable subclasses of RB controls."	Macintosh	Erich Rast		https://web.archive.org/web/20030404083408/http://home.snafu.de/erich/realbasic/rb.html	Utility	objects;serialise;opensource	storableinfo.txt
string_utils_000530.hqx	String_Utils_000530										
stuffplug.hqx	Stuffplug										
StyleGrid33.hqx	Stylegrid33										
StyleGridDemo.hqx	Stylegriddemo										
StyleGridPrinting.hqx	Stylegridprinting										
StyleGrid_plugin.hqx	Stylegrid_Plugin										
supersocket204demo.bin	Supersocket204Demo	2.04	Plugin	"SuperSocket is a networking toolkit for REALbasic. It provides a collection of
classes that can be used to build network-aware applications. SuperSocket enhances
REALbasic's TCP support, and adds new protocols currently unavailable in REALbasic"		Essence Software	Essence Software	http://www.essencesw.com/	Networking	supersocket;socket;essesnce	
System7Popup.hqx	System7Popup										
TBButton2.sit	Tbbutton2			"A collection of canvas subclasses which draw several standard Mac OS controls (mostly buttons). These classes can be used to draw standard looking controls seamlessly on top of pictures. There are also new controls to REALbasic such as a small checkbox, small radio, rounded bevel button, and round buttons. Not all of the controls are product-worthy, but with a little work, those that aren't could be."							
tclplug10.hqx	Tclplug10										
tcplus.sit.hqx	Tcplus										
tempfolderviewer.sit.hqx	Tempfolderviewer										
TextLib.hqx	Textlib										
TheosStringStuff.rbx	Theosstringstuff										
TimeBaseDemo.sit.hqx	Timebasedemo										
TimeBasePro.sit.hqx	Timebasepro										
timecode.sit.hqx	Timecode										
ToolbarCustomization.sit	Toolbarcustomization										
TTsBitOpsPlugin.sit.bin	Bit Ops	1.0.1	Plugin	Offers you nearly a zillion bit operations on Integers and sets.	Windows;Macintosh	Thomas Tempelmann		https://web.archive.org/web/20010125061400id_/http://www.tempel.org/rb/index.html			TT_Plugins.mhtml
TTsCatSearchPlugin.sit.bin	TtCatSearch	2.1	Plugin	This plugin implements the PBCatSearch function of the Mac OS File Manager. This is a very fast routine to find specific types of files on a volume. The MacOS tool Sherlock (aka Find File) uses this function to do its quick search on volumes.	Macintosh	Thomas Tempelmann		https://web.archive.org/web/20010125061400id_/http://www.tempel.org/rb/index.html			
TTsCollectionExtension.sit.bin	Ttscollectionextension		Plugin	"This plugin adds a method to read back the Keys that are stored in a Collection object, similar to the available ""Item"" method that returned the values from a Collection."	Windows;Macintosh	Thomas Tempelmann		https://web.archive.org/web/20010125061400id_/http://www.tempel.org/rb/index.html			
TTsCRCPlugin.sit.bin	Ttscrcplugin		Plugin	"This plugin adds methods for calculating CRCs (checksums) in 16 and 32 bit, as well as variably from 16 to 64 bit."	Windows;Macintosh	Thomas Tempelmann		https://web.archive.org/web/20010125061400id_/http://www.tempel.org/rb/index.html			
TTsPluginStarter.sit.bin	Ttspluginstarter		Plugin	"If you want to write your own plugins, you may use this skeleton. It requires CodeWarrior Pro 4 or higher. It supports 68K, PowerPC, Carbon and Windows x86 code generation."		Thomas Tempelmann		https://web.archive.org/web/20010125061400id_/http://www.tempel.org/rb/index.html			
TTs_App_Frame.sit	Tts_App_Frame		Example	"Do you need a starting point for a application that uses multiple document windows?
Do you want to maintain a menu that shows a list of the open windows?

Do you have documents that you need to save when closed and thus need to write code that asks the user whether he wants to save, discard or cancel?"	Windows;Macintosh	Thomas Tempelmann		https://web.archive.org/web/20010125061400id_/http://www.tempel.org/rb/index.html			
TT_s AliasRecord.sit	Tt_S Aliasrecord		Plugin	The MacAliasRecord plugin provides a class for storing folder and file references in a file (or resource). Very useful when storing FolderItem references in your Preferences file.		Thomas Tempelmann		https://web.archive.org/web/20010125061400id_/http://www.tempel.org/rb/index.html			
TT_s EventMonitor Plugin.sit	Tt_S Eventmonitor Plugin		Plugin	"Keep track of Events (function keys, idle events) with the EventMonitor class."	Macintosh	Thomas Tempelmann		https://web.archive.org/web/20010125061400id_/http://www.tempel.org/rb/index.html			
TT_s FileMgr-Plugin.sit	Tt_S Filemgr-Plugin		Plugin	Identify Volumes and Attributes of files with the FileMgr plugin.	Macintosh	Thomas Tempelmann		https://web.archive.org/web/20010125061400id_/http://www.tempel.org/rb/index.html			
TT_s FolderItem Extension.sit	Tt_S Folderitem Extension		Plugin	"Launch apps in the background, and open documents with the app of your choice with my FolderItem extension class."	Macintosh	Thomas Tempelmann		https://web.archive.org/web/20010125061400id_/http://www.tempel.org/rb/index.html			
TT_s Gestalt-Plugin.sit	Tt_S Gestalt-Plugin		Plugin	Inquire many Gestalt Selectors on your Mac using the Gestalt Plugin.	Macintosh	Thomas Tempelmann		https://web.archive.org/web/20010125061400id_/http://www.tempel.org/rb/index.html			
TT_s HideMenubar-Plugin.sit	Tt_S Hidemenubar-Plugin		Plugin	Need access to the full screen on a Mac? Hide the Menubar and the Control Strip with this plugin.	Macintosh	Thomas Tempelmann		https://web.archive.org/web/20010125061400id_/http://www.tempel.org/rb/index.html			
TT_s Icons-Plugin.sit	Tt_S Icons-Plugin		Plugin	Convert Icons into Pictures.	Macintosh	Thomas Tempelmann		https://web.archive.org/web/20010125061400id_/http://www.tempel.org/rb/index.html			
TTsMemoryBlockExtension.sit.bin	TTs Memory Block Extension	1.3	Class	Adds functions to the built-in MemoryBlock class	Windows;Macintosh	Thomas Tempelmann		https://web.archive.org/web/20010125061400id_/http://www.tempel.org/rb/index.html			
TT_s MacsBug-Plugin.sit	Tt_S Macsbug-Plugin		Plugin	Need to do some Low-Level debugging? Invoke MacsBug from your application.	Macintosh	Thomas Tempelmann		https://web.archive.org/web/20010125061400id_/http://www.tempel.org/rb/index.html			
TypeLib.hqx	Typelib										
undoengine.sit.hqx	Undoengine										
unifiedwindow.zip	Unifiedwindow										
UnmountVol.sit	Unmountvol										
URLAccessDemo.sit.hqx	Urlaccessdemo										
URLAccessPro.sit.hqx	Urlaccesspro										
URLEditfield1.0.sit.hqx	Urleditfield1	1.0	Class	"URLEditfield is an editfield class that can automatically color links. If you double-click a link, an event gets fired so you can launch the URL. However, this is a fast hack and not suitable for large, scrolling editfields"		Erich Rast		https://web.archive.org/web/20030404083408/http://home.snafu.de/erich/realbasic/rb.html	Utility	url;editfield	URLEditfield_readme.txt
UtilsLib.hqx	Utilslib										
UtilsLibDemo.hqx	Utilslibdemo										
VelEngTest.sit.hqx	Velengtest										
VersionTracker.sea.hqx	Version Tracker	0.1	Class	Version Tracker is a socket class based on the httpSocket class by Dan Vanderkamp. It easily enables your application to download version information online and grab an update from the Net if neccessary. Can be used for automatic updates and built-in online news about your application. more info		Erich Rast		https://web.archive.org/web/20030404083408/http://home.snafu.de/erich/realbasic/rb.html			versiontrackerinfo.txt
vfader.sit	Vfader										
videoplug.hqx	Videoplug										
VUCanvas.hqx	Vucanvas										VUCanvas ReadMe.pdf
WindowLib.hqx	Windowlib										
WindowSplitter.hqx	Windowsplitter										
WT_Plugin.sit	Wt_Plugin										
xlcalc.sit.hqx	Xlcalc										
xlcalculator.sit.hqx	Xlcalculator										
xmlengine.sit	Xmlengine	1.05	Plugin	"Parse, render, analyse, create and alter XML. Want to make a Mac app that does any of this with XML? You can make it with REALbasic and XML Engine. XML Engine is powerful and simple."	Macintosh	Theodore H.Smith		https://web.archive.org/web/20001102115520id_/http:/www.thsmith.dircon.co.uk/index.html			xmlengine.mhtml
yadr.sit.bin	Yadr										YetAnotherDesktopResetter.mhtml
zegsruler.sit	Zegsruler	2.0.1	Plugin	"ZegsRuler is the fastest and easiest way to add rulers to your REALbasic projects. ZegsRuler supports scaling (zooming), scrolling and changing of the origin as well as lots of control over line length and width, color, background, text etc. In addition, all rulers can be either plain or 3D."		Peter Zegeli	fracturedsoftware	http://www.fracturedsoftware.com			
zegsruler.zip	Zegsruler	2.0.1	Plugin	"ZegsRuler is the fastest and easiest way to add rulers to your REALbasic projects. ZegsRuler supports scaling (zooming), scrolling and changing of the origin as well as lots of control over line length and width, color, background, text etc. In addition, all rulers can be either plain or 3D."		Peter Zegeli	fracturedsoftware	http://www.fracturedsoftware.com			
zegsrulersource.sit	Zegsrulersource			"ZegsRuler is the fastest and easiest way to add rulers to your REALbasic projects. ZegsRuler supports scaling (zooming), scrolling and changing of the origin as well as lots of control over line length and width, color, background, text etc. In addition, all rulers can be either plain or 3D."		Peter Zegeli	fracturedsoftware	http://www.fracturedsoftware.com			
